name,network,longitude,latitude,intensity_mmi,pga,pgv,distance_km
"Anand, Gujarat (1 response)",G,72.95,22.56,5.8,5.8,null,267.841
"Ahmedabad, Gujarat (1 response)",G,72.58,23.03,7.0,12.0,null,216.205
"Porbandar, Gujarat (1 response)",G,69.6,21.65,6.2,7.6,null,196.892
"Ahmedabad, Gujarat (1 response)",G,72.58,23.03,6.9,11.0,null,216.205
"Jamjodhpur, Gujarat (1 response)",G,70.33,21.93,6.4,8.8,null,159.071
"Kandla, Gujarat (1 response)",G,70.22,23.03,8.3,35.0,null,44.507
"Junagarh, Gujarat (1 response)",G,70.45,21.52,6.2,7.5,null,204.382
"Amreli, Gujarat (1 response)",G,71.22,21.61,5.3,3.9,null,219.544
"Anjar, Gujarat (1 response)",G,70.02,23.12,9.3,65.0,null,35.373
"Dwarka, Gujarat (1 response)",G,68.97,22.23,6.3,8.5,null,175.211
"Khambhaliya, Gujarat (1 response)",G,69.65,22.2,5.9,7.2,null,139.777
"Naliya, Gujarat (1 response)",G,68.85,23.25,8.4,29.0,null,129.325
"Cambay, Gujarat (1 response)",G,72.65,22.32,8.0,20.0,null,252.547
"Niruna, Gujarat (1 response)",G,69.28,23.74,8.4,32.0,null,89.458
Nawabshah (Intensity VI),INTENSITY,68.39,26.24,6.0,6.1986,7.9793,354.191
Naliya (Intensity VIII),INTENSITY,69.27,23.34,8.0,25.8305,40.6335,85.325
Jabalpur (Intensity III),INTENSITY,79.94,23.13,3.0,null,null,957.747
Pali (Intensity V),INTENSITY,73.25,25.46,5.0,1.8095,3.7319,346.926
Mundra (Intensity VIII),INTENSITY,69.72,22.87,8.0,26.8175,41.1829,72.964
Mandal (Intensity VII),INTENSITY,71.92,23.3,7.0,12.9356,18.149,145.931
Tonk (Intensity V),INTENSITY,75.67,26.18,5.0,1.8095,3.7319,595.693
Jaipur (Intensity V),INTENSITY,75.79,26.89,5.0,1.8095,3.7319,645.718
Loria (Intensity VIII),INTENSITY,69.68,23.42,8.0,30.4941,43.122,42.681
Limbdi (Intensity VIII),INTENSITY,71.08,22.57,8.0,23.7991,39.459,120.096
Sehore (Intensity IV),INTENSITY,77.07,23.18,4.0,0.3452,0.8443,666.08
Agra (Intensity IV),INTENSITY,78.02,27.18,4.0,0.3452,0.8443,853.747
Bibar (Intensity VIII),INTENSITY,69.47,23.49,8.0,27.6524,41.6375,64.201
Veraval (Intensity VII),INTENSITY,70.37,20.92,7.0,11.1791,17.2248,268.322
Mahuda (Intensity VII),INTENSITY,72.95,22.85,7.0,11.2923,17.2871,257.274
Budhormora (Intensity X),INTENSITY,70.16,23.32,9.0,69.5173,101.2361,14.357
Chandigarh (Intensity II),INTENSITY,76.54,30.42,null,null,null,963.369
Chirala (Intensity II),INTENSITY,80.35,15.83,2.0,null,null,1324.052
Kankawati,INTENSITY,69.08218,23.18719,5.0,3.7267,4.0749,107.668
Bhachau (Intensity X),INTENSITY,70.3,23.29,9.0,62.4197,97.4059,22.504
Kharoi (Intensity X),INTENSITY,70.35,23.46,9.0,75.8097,104.4268,8.368
Guntur (Intensity III),INTENSITY,80.47,16.29,3.0,null,null,1301.341
Bhiwani (Intensity IV),INTENSITY,76.15,28.81,4.0,0.3452,0.8443,806.95
Dwarka (Intensity VII),INTENSITY,69.97,22.24,7.0,13.3759,18.3678,126.906
Thara (Intensity VIII),INTENSITY,71.82,23.97,8.0,22.8939,38.9148,141.194
Tando Allah Yar (Intensity VII),INTENSITY,68.72,25.46,7.0,11.2324,17.2541,263.056
Peshawar (Intensity II),INTENSITY,71.86,33.28,2.0,null,null,1079.299
Lahore (Intensity IV),INTENSITY,74.4,31.54,4.0,0.3452,0.8443,959.187
Bagodra,INTENSITY,72.17836,22.6684,6.0,6.8942,8.289,192.469
Shivpuri (Intensity IV),INTENSITY,77.61,25.47,4.0,0.3452,0.8443,747.047
Surendranagar (Intensity VIII),INTENSITY,71.63,22.73,8.0,22.8287,38.8751,142.884
Balamba,INTENSITY,70.42585,22.72142,7.0,14.906,19.0943,80.754
Salem (Intensity I),INTENSITY,78.12,11.39,1.0,null,null,1550.969
Vadodara (Intensity VI),INTENSITY,73.22,22.28,6.0,6.1986,7.9793,305.519
Maliya (Intensity VIII),INTENSITY,70.76,23.09,8.0,28.2478,41.9564,58.739
Amod (Intensity VII),INTENSITY,72.87,22.0,7.0,10.9699,17.1087,290.338
Wankaner (Intensity VII),INTENSITY,70.91,22.6,7.0,13.8306,18.589,110.38
Baniari (Intensity IX),INTENSITY,70.15,23.17,9.0,58.7102,95.2921,29.06
Mankuwa (Intensity VIII),INTENSITY,69.55,23.2,8.0,27.86,41.7492,62.227
Bhankoda,INTENSITY,72.13924,23.24367,6.0,7.1179,8.3844,168.451
Manfara (Intensity X),INTENSITY,70.35,23.49,9.0,75.8097,104.4268,5.537
Hamjipura (Intensity VII),INTENSITY,72.25,23.12,7.0,12.2714,17.8096,181.84
Mathal (Intensity VII),INTENSITY,69.18,23.4,7.0,14.3798,18.8501,93.823
Bhuj (Intensity IX),INTENSITY,69.66,23.25,9.0,51.631,91.0065,49.681
Dasada (Intensity VII),INTENSITY,71.84,23.34,7.0,13.1237,18.2431,137.398
Patan,INTENSITY,72.08571,23.81899,5.0,2.7766,3.9315,163.445
Ambliara (Intensity IX),INTENSITY,70.49,23.24,9.0,56.3845,93.9226,34.4
Limbdi Bridge (Intensity VII),INTENSITY,69.33,22.14,7.0,12.6468,18.0028,160.354
Disa (Intensity VII),INTENSITY,72.2,24.3,7.0,12.1392,17.7406,190.248
Bhavnagar (Intensity VII),INTENSITY,72.15,21.78,7.0,11.3534,17.3205,251.552
Matanumadh (Intensity VII),INTENSITY,68.95,23.54,7.0,13.6228,18.4885,117.579
Sarkhej (Intensity VII),INTENSITY,72.91,22.98,7.0,11.3727,17.331,249.775
Piplod (Intensity VI),INTENSITY,73.92,22.82,6.0,6.1986,7.9793,353.438
Kandla (Intensity IX),INTENSITY,70.21,23.02,9.0,52.7861,91.7305,45.299
Peelyaj (Intensity VII),INTENSITY,72.38,23.25,7.0,12.1117,17.7262,192.057
Sriganganagar (Intensity V),INTENSITY,73.85,29.85,5.0,1.8095,3.7319,767.858
Umedpur (Intensity IX),INTENSITY,69.91,23.41,9.0,64.5966,98.6091,19.504
Bulandshahr (Intensity IV),INTENSITY,77.73,28.46,4.0,0.3452,0.8443,901.291
Bhilwara (Intensity V),INTENSITY,74.4,25.21,5.0,1.8095,3.7319,434.338
Muli (Intensity VII),INTENSITY,71.46,22.55,7.0,12.9902,18.1764,143.388
Bitta (Intensity VIII),INTENSITY,69.03,23.26,8.0,24.252,39.7263,111.01
Unnao (Intensity III),INTENSITY,75.4,26.8,3.0,null,null,608.008
Dolia (Intensity VII),INTENSITY,71.47,22.56,7.0,12.9928,18.1776,143.271
Kumbakonam (Intensity IV),INTENSITY,79.18,10.96,null,null,null,1650.442
Unchahar (Intensity II),INTENSITY,81.63,25.86,2.0,null,null,1147.12
Sirohi (Intensity V),INTENSITY,72.54,24.53,5.0,2.1675,3.8148,232.223
Tharad (Intensity VIII),INTENSITY,71.63,24.45,8.0,22.6014,38.736,148.979
Vijayawada (Intensity III),INTENSITY,80.64,16.52,3.0,null,null,1299.782
Bakhasar (Intensity VII),INTENSITY,71.09,24.43,7.0,13.8461,18.5965,109.866
Vanthali (Intensity VII),INTENSITY,70.32,21.47,7.0,11.8785,17.6033,208.289
Beru (Intensity VIII),INTENSITY,69.26,23.3,8.0,25.7057,40.5631,87.067
Wandhia (Intensity IX),INTENSITY,70.59,23.24,9.0,54.9987,93.0894,38.165
Meghpar (Intensity VIII),INTENSITY,69.55,23.1,8.0,27.3021,41.4479,67.709
Godriyada (Intensity VIII),INTENSITY,70.12,23.43,8.0,43.1744,48.8404,2.467
Vithalpur,INTENSITY,72.17208,23.32201,6.0,7.0973,8.3757,170.503
Tada (Intensity II),INTENSITY,80.03,13.59,2.0,null,null,1473.842
Manjal (Intensity VIII),INTENSITY,69.43,23.23,8.0,26.8783,41.2164,72.277
Mothala (Intensity VIII),INTENSITY,69.13,23.21,8.0,24.7328,40.0065,102.278
Silvassa (Intensity V),INTENSITY,73.02,20.27,5.0,1.8095,3.7319,437.096
Alwar (Intensity IV),INTENSITY,76.69,27.67,4.0,0.3452,0.8443,767.678
Petlad,INTENSITY,72.84278,22.45732,5.0,1.9877,3.7748,262.573
Aligarh (Intensity IV),INTENSITY,78.09,27.88,4.0,0.3452,0.8443,896.516
Jasdan,INTENSITY,71.20065,22.01328,5.0,2.6073,3.9016,178.693
Ratnal (Intensity IX),INTENSITY,69.9,23.19,9.0,56.4492,93.9612,34.236
Kotai (Intensity IX),INTENSITY,69.78,23.37,9.0,56.7592,94.1457,33.462
Ghanshympur,INTENSITY,71.2063,22.92394,8.0,24.9651,40.1407,98.365
Pada Dhari,INTENSITY,70.60179,22.39411,7.0,13.6058,18.4802,118.195
Kota (Intensity V),INTENSITY,75.87,25.17,5.0,1.8095,3.7319,570.862
Dhrol,INTENSITY,70.37973,22.52547,7.0,14.2146,18.7722,98.46
Raichur (Intensity III),INTENSITY,77.42,16.34,3.0,null,null,1063.602
Vondh (Intensity X),INTENSITY,70.41,23.3,9.0,60.4502,96.294,25.726
Sirani Wandh (Intensity VIII),INTENSITY,70.56,23.82,8.0,34.7108,45.1693,24.859
Khambaliya (Intensity VII),INTENSITY,69.83,22.21,7.0,13.2276,18.2946,132.952
Krishnapatnam (Intensity IV),INTENSITY,80.12,14.29,4.0,0.3452,0.8443,1423.476
Dhaulpur (Intensity V),INTENSITY,77.88,26.7,5.0,1.8095,3.7319,818.657
Kodai (Intensity VIII),INTENSITY,69.36,22.88,8.0,25.0086,40.1657,97.652
Jhansi (Intensity IV),INTENSITY,78.57,25.45,4.0,0.3452,0.8443,839.366
Nadia (Intensity VII),INTENSITY,72.55,21.95,7.0,11.1853,17.2282,267.702
Jhinjhuwada (Intensity VIII),INTENSITY,71.65,23.35,8.0,23.8744,39.5036,118.524
Valia (Intensity VI),INTENSITY,73.15,21.57,6.0,6.1986,7.9793,341.476
Halvad (Intensity VIII),INTENSITY,71.18,23.02,8.0,25.5086,40.4515,89.909
Dudhai (Intensity IX),INTENSITY,70.12,23.31,9.0,69.5491,101.2526,14.329
Lakhmi (Intensity VIII),INTENSITY,71.83,24.32,8.0,22.2969,38.5483,157.654
Dharang (Intensity IX),INTENSITY,69.82,23.4,9.0,58.8647,95.3818,28.743
Lakhtar,INTENSITY,71.95066,22.88692,6.0,7.1886,8.4141,161.649
Sherdi (Intensity VIII),INTENSITY,69.33,23.01,8.0,25.3635,40.3689,92.075
Thiruvairu (Intensity IV),INTENSITY,79.1,10.88,null,null,null,1653.246
Dhama (Intensity VIII),INTENSITY,71.67,23.6,8.0,23.8562,39.4928,118.902
Rambagh (Intensity VII),INTENSITY,70.87,21.95,7.0,12.4382,17.8959,171.876
Kavi (Intensity VII),INTENSITY,72.63,22.23,7.0,11.3052,17.2942,256.051
Shillong (Intensity II),INTENSITY,91.56,25.34,2.0,null,null,2122.28
Samkhiali,INTENSITY,70.54075,23.25267,9.0,56.1061,93.7563,35.118
Poldiya (Intensity VIII),INTENSITY,69.24,23.06,8.0,25.0144,40.1691,97.558
Zainabad,INTENSITY,71.71207,23.24056,7.0,13.3747,18.3672,126.952
Jawaharnagar (Intensity IX),INTENSITY,70.0,23.37,9.0,71.2337,102.1242,12.967
Kolkata (Intensity II),INTENSITY,88.24,22.34,2.0,null,null,1806.392
Nirona (Intensity VIII),INTENSITY,69.52,23.46,8.0,28.2248,41.9442,58.938
Shingara (Intensity IX),INTENSITY,69.97,23.08,9.0,54.0582,92.5161,41.014
Ayyampettai (Intensity III),INTENSITY,79.18,10.9,3.0,null,null,1655.986
Bharuch (Intensity VII),INTENSITY,72.97,21.75,7.0,10.8842,17.0607,314.793
Batad,INTENSITY,71.52609,22.11256,5.0,2.5489,3.8908,184.532
Bharapar/pur (Intensity IX),INTENSITY,69.62,23.11,9.0,49.117,89.3941,61.189
Bapatla (Intensity II),INTENSITY,80.47,15.91,2.0,null,null,1327.98
Mithi (Intensity VI),INTENSITY,69.79,24.73,6.0,7.4066,8.5046,142.699
Dayapar (Intensity VII),INTENSITY,68.91,23.63,7.0,13.4802,18.419,122.856
Jaipur (Intensity V),INTENSITY,75.85,26.91,5.0,1.8095,3.7319,651.915
Khargoda (Intensity VII),INTENSITY,71.72,23.18,7.0,13.3136,18.3372,129.402
Santalpur,INTENSITY,71.16021,23.72582,7.0,15.4591,19.345,69.363
Sawai Madhopur (Intensity V),INTENSITY,76.32,26.03,5.0,1.8095,3.7319,646.957
Enthal Talav (Intensity IX),INTENSITY,70.35,23.24,9.0,58.6866,95.2783,29.109
Rai Barelly (Intensity III),INTENSITY,81.23,26.21,3.0,null,null,1116.381
Murbi,INTENSITY,70.84271,22.79864,8.0,25.5579,40.4795,89.187
Gurgaon (Intensity IV),INTENSITY,76.77,28.25,4.0,0.3452,0.8443,811.918
Badin (Intensity VI),INTENSITY,68.84,24.66,6.0,6.9559,8.3155,185.448
Bhadreswar (Intensity VIII),INTENSITY,69.89,22.9,8.0,27.9057,41.7737,61.803
Siddhapur (Intensity VII),INTENSITY,72.39,23.94,7.0,12.0488,17.6932,196.28
Hyderabad (Intensity II),INTENSITY,78.47,17.38,2.0,null,null,1062.266
Hajipeer (Intensity VII),INTENSITY,69.21,23.69,7.0,14.3572,18.8395,94.44
Dhora (Intensity VII),INTENSITY,69.19,23.57,7.0,14.388,18.8539,93.6
Trivandrum (Intensity III),INTENSITY,76.95,8.48,3.0,null,null,1782.775
Nokhania (Intensity VIII),INTENSITY,69.71,23.38,8.0,30.9342,43.3439,40.204
Bhimasar (Nakhatrana) (Intensity VIII),INTENSITY,69.37,23.43,8.0,26.703,41.1199,74.278
Indore (Intensity V),INTENSITY,75.9,22.71,5.0,1.8095,3.7319,553.805
Adilabad (Intensity III),INTENSITY,78.53,19.69,3.0,null,null,923.096
Kukma (Intensity IX),INTENSITY,69.78,23.22,9.0,54.1135,92.55,40.839
Kothara (Intensity VII),INTENSITY,68.92,23.13,7.0,13.4147,18.3869,125.379
Ramanvav (Intensity X),INTENSITY,70.48,23.52,9.0,75.8097,104.4268,7.609
Mahemdavad (Intensity VII),INTENSITY,72.75,22.85,7.0,11.5057,17.4033,237.945
Lakadia (Intensity IX),INTENSITY,70.57,23.33,9.0,58.775,95.3297,28.927
Udaipur (Intensity VI),INTENSITY,73.69,24.59,6.0,6.1986,7.9793,342.588
Ajmer (Intensity V),INTENSITY,74.42,26.27,5.0,1.8095,3.7319,494.449
Kunthkot,INTENSITY,70.55373,23.40079,9.0,63.0102,97.735,21.637
Suigam (Intensity VIII),INTENSITY,71.36,24.16,8.0,24.4236,39.8267,107.791
Kantkot (Intensity X),INTENSITY,70.47,23.48,9.0,74.0824,103.5684,11.01
Hyderabad (Intensity VII),INTENSITY,68.38,25.25,7.0,11.2126,17.2432,265.0
Kadol (Intensity X),INTENSITY,70.28,23.47,9.0,75.8097,104.4268,4.775
Kera (Intensity VIII),INTENSITY,69.58,23.07,8.0,27.3621,41.4805,67.091
Palanpur (Intensity VII),INTENSITY,72.45,24.2,7.0,11.8567,17.5917,209.891
Bibat,INTENSITY,69.43964,23.45195,7.0,15.5805,19.3993,67.135
Lucknow (Intensity III),INTENSITY,80.94,26.95,3.0,null,null,1110.742
Kotada (Intensity VII),INTENSITY,69.2,23.36,7.0,14.4418,18.8792,92.152
Kadi (Intensity VII),INTENSITY,72.32,23.3,7.0,12.2139,17.7796,185.442
Nagar,INTENSITY,69.64822,23.22477,8.0,29.0821,42.396,52.02
Bhadva,INTENSITY,70.90245,22.07515,6.0,7.1972,8.4177,160.846
Chidambaram (Intensity II),INTENSITY,79.76,11.4,2.0,null,null,1645.077
Ahmedabad (Intensity VII),INTENSITY,72.06,23.0,7.0,12.5204,17.9382,167.218
Nakhatrana (Intensity VIII),INTENSITY,69.27,23.34,8.0,25.8305,40.6335,85.325
Ludbai (Intensity VII),INTENSITY,69.14,23.59,7.0,14.1967,18.7638,98.979
Rampura (Intensity VII),INTENSITY,70.62,21.8,7.0,12.329,17.8395,178.323
Ratadia,INTENSITY,69.72807,22.90645,7.0,15.464,19.3472,69.271
Barla,INTENSITY,72.40751,22.79845,6.0,6.7724,8.2363,207.336
Dumra (Intensity VIII),INTENSITY,69.03,23.04,8.0,23.8956,39.5162,118.085
Amreli (Intensity VII),INTENSITY,71.02,21.06,7.0,11.191,17.2314,267.136
Jafarabad (Intensity VII),INTENSITY,71.35,20.85,7.0,10.8842,17.0607,300.939
Bachau,INTENSITY,70.3722,23.30981,9.0,61.8562,97.0901,23.372
Lodai (Intensity IX),INTENSITY,69.9,23.38,9.0,63.1659,97.8214,21.415
Padana (Intensity IX),INTENSITY,70.2,23.16,9.0,57.7605,94.7371,31.107
Vyara (Intensity VI),INTENSITY,73.42,23.13,6.0,6.2112,7.985,297.48
Kotadi (Intensity VIII),INTENSITY,69.08,23.05,8.0,24.1524,39.6678,112.933
Tankara (Intensity VIII),INTENSITY,70.75,22.65,8.0,24.886,40.0951,99.675
Jaisalmere (Intensity V),INTENSITY,71.0,26.9,5.0,1.8095,3.7319,368.566
Bhabhar (Intensity VIII),INTENSITY,71.6,24.1,8.0,23.5447,39.3074,125.605
Patdi (Intensity VII),INTENSITY,71.8,23.18,7.0,13.1327,18.2475,137.006
Multan (Intensity V),INTENSITY,71.46,31.45,5.0,1.8095,3.7319,873.9
Halra (Intensity X),INTENSITY,70.45,23.41,9.0,66.8888,99.8483,16.862
Davari (Intensity IX),INTENSITY,70.62,23.7,9.0,66.8655,99.8358,16.887
Haripur (Intensity VIII),INTENSITY,70.77,23.12,8.0,28.5188,42.1001,56.444
Modpur,INTENSITY,70.5302,22.85183,8.0,26.8635,41.2082,72.443
Jamnagar (Intensity VIII),INTENSITY,70.06,22.46,8.0,24.6923,39.9831,102.979
Chhadwal (Intensity X),INTENSITY,70.46,23.27,9.0,58.0608,94.9132,30.441
Rawapar (Intensity VII),INTENSITY,69.04,23.52,7.0,13.8955,18.6202,108.244
Kanchipuram (Intensity III),INTENSITY,79.71,12.82,3.0,null,null,1516.983
Narayan Sarovar (Intensity VII),INTENSITY,68.59,23.68,7.0,12.7311,18.0457,155.967
Muru (Intensity VII),INTENSITY,69.19,23.51,7.0,14.4145,18.8663,92.885
Jalaun (Intensity III),INTENSITY,79.83,26.13,3.0,null,null,979.61
Vav (Intensity VIII),INTENSITY,71.52,24.38,8.0,23.1237,39.0543,135.429
Bhopal (Intensity IV),INTENSITY,77.41,23.27,4.0,0.3452,0.8443,699.966
Sarsod (Intensity VII),INTENSITY,72.7,22.17,7.0,11.2066,17.24,265.588
Kuda (Intensity X),INTENSITY,70.43,23.53,9.0,75.8097,104.4268,4.782
Navlakhi,INTENSITY,70.4526,22.93485,8.0,27.9161,41.7793,61.707
Gulbarga (Intensity III),INTENSITY,76.83,17.4,3.0,null,null,935.366
Wataman,INTENSITY,72.4392,22.4977,6.0,6.6454,8.1806,224.379
Alirajpur (Intensity VI),INTENSITY,74.36,22.31,6.0,6.1986,7.9793,411.862
Chotila (Intensity VII),INTENSITY,71.18,23.42,7.0,15.3639,19.3023,71.175
Papanad (Intensity II),INTENSITY,79.28,10.54,2.0,null,null,1695.065
Pithadiya (Intensity VII),INTENSITY,70.43,22.35,7.0,13.6354,18.4947,117.125
Gundala (Intensity VIII),INTENSITY,69.76,22.88,8.0,27.101,41.3383,69.831
Pokhran (Intensity V),INTENSITY,71.58,26.55,5.0,1.8095,3.7319,344.214
Naushahro Firoz (Intensity VI),INTENSITY,68.12,26.85,6.0,6.1986,7.9793,426.334
Mundra Port (Intensity VIII),INTENSITY,69.69,22.76,8.0,25.888,40.6659,84.536
Bherandiala (Intensity VIII),INTENSITY,69.72,23.64,8.0,30.2702,43.0084,44.014
Mandvi (Intensity VIII),INTENSITY,69.34,23.09,8.0,25.7172,40.5696,86.905
Viramgam (Intensity VII),INTENSITY,72.05,23.12,7.0,12.6056,17.9818,162.55
Wadhwan (Intensity VIII),INTENSITY,71.68,22.72,8.0,22.6564,38.7698,147.474
Godhra (Intensity VI),INTENSITY,73.61,22.78,6.0,6.1986,7.9793,323.816
Canacona (Intensity II),INTENSITY,74.12,14.99,2.0,null,null,1007.302
Radhanpur (Intensity VIII),INTENSITY,71.62,23.85,8.0,23.8998,39.5187,118.0
Khankhoi (Intensity X),INTENSITY,70.37,23.54,9.0,75.8097,104.4268,1.573
Amran (Intensity VIII),INTENSITY,70.55,22.81,8.0,26.4638,40.9876,77.12
Sapeda (Intensity IX),INTENSITY,69.97,23.14,9.0,56.1034,93.7547,35.125
Kottayam (Intensity II),INTENSITY,76.53,9.56,2.0,null,null,1656.339
Adriana (Intensity VIII),INTENSITY,71.08,23.45,8.0,28.0172,41.8335,60.783
Chitrod (Intensity IX),INTENSITY,70.69,23.39,9.0,58.6069,95.232,29.275
Tikai (Intensity VIII),INTENSITY,71.1,23.15,8.0,26.594,41.0597,75.556
Kundli,INTENSITY,71.69272,22.25586,6.0,6.9846,8.3278,182.288
Kunaria (Intensity IX),INTENSITY,69.73,23.38,9.0,54.988,93.0828,38.196
Bangalore (Intensity III),INTENSITY,77.6,12.95,3.0,null,null,1375.532
Jodhpur (Intensity VI),INTENSITY,73.03,26.31,6.0,6.1986,7.9793,394.311
Rehamota (Intensity IX),INTENSITY,69.74,23.12,9.0,51.3135,90.8057,50.977
Mangalmodi (Intensity VI),INTENSITY,74.06,22.82,6.0,6.1986,7.9793,367.346
Thatta (Intensity VII),INTENSITY,67.92,24.75,7.0,11.2207,17.2477,264.197
Hanumangarh (Intensity IV),INTENSITY,74.29,29.62,4.0,0.3452,0.8443,765.772
Nandurbar (Intensity V),INTENSITY,74.31,21.33,5.0,1.8095,3.7319,454.024
Bundi (Intensity V),INTENSITY,75.68,25.45,5.0,1.8095,3.7319,563.275
Umrapar (Intensity VIII),INTENSITY,70.45,23.91,8.0,32.1893,43.9656,34.055
Jetpur,INTENSITY,70.90365,22.95097,8.0,26.4079,40.9565,77.805
Kapadvanj (Intensity VI),INTENSITY,73.08,23.03,6.0,6.3834,8.0636,265.396
Bharatpur (Intensity IV),INTENSITY,77.45,26.24,4.0,0.3452,0.8443,759.557
Palsana (Intensity VI),INTENSITY,72.92,21.1,6.0,6.1986,7.9793,359.532
Morbi (Intensity VIII),INTENSITY,70.85,22.85,8.0,25.8808,40.6619,84.634
Tornia (Intensity X),INTENSITY,70.48,23.47,9.0,72.0985,102.5665,12.33
Chansama,INTENSITY,72.13008,23.69686,5.0,2.7462,3.9263,166.012
Samakhiali (Intensity IX),INTENSITY,70.51,23.3,9.0,58.5001,95.1698,29.498
Godpar (Intensity VIII),INTENSITY,69.54,23.11,8.0,27.2768,41.4341,67.972
Fatethgarh,INTENSITY,70.84883,23.66137,7.0,17.9798,20.4203,36.928
Junagadh (Intensity VII),INTENSITY,70.48,21.53,7.0,11.941,17.6363,203.779
Sitapur (Intensity III),INTENSITY,80.69,27.56,3.0,null,null,1110.373
Patna (Intensity II),INTENSITY,85.13,25.37,2.0,null,null,1484.939
Dahod (Intensity VI),INTENSITY,74.25,22.84,6.0,6.1986,7.9793,385.832
Delhi (Intensity IV),INTENSITY,77.25,28.64,4.0,0.3452,0.8443,875.434
Nellore (Intensity III),INTENSITY,79.73,14.4,3.0,null,null,1386.282
Damnagar (Intensity VII),INTENSITY,71.52,21.7,7.0,11.6867,17.5009,222.932
Kurnool (Intensity III),INTENSITY,78.03,15.82,3.0,null,null,1149.271
Dharampur (Intensity IX),INTENSITY,69.99,23.38,9.0,70.998,102.003,13.148
Rampur (Intensity IV),INTENSITY,79.08,28.8,4.0,0.3452,0.8443,1031.88
Nagpur (Intensity III),INTENSITY,79.07,21.14,3.0,null,null,911.844
Darang,INTENSITY,69.81,23.37244,8.0,33.0686,44.392,30.432
Adhoi (Intensity X),INTENSITY,70.52,23.41,9.0,64.6004,98.6112,19.499
Bahawalpur (Intensity V),INTENSITY,71.7,29.39,5.0,1.8095,3.7319,651.913
Matanamadh,INTENSITY,68.97828,23.50994,5.0,3.5693,4.0536,114.463
Nashik (Intensity V),INTENSITY,73.8,19.98,5.0,1.8095,3.7319,512.003
Phala (Intensity VIII),INTENSITY,70.3,22.53,8.0,25.0837,40.2089,96.438
Morena (Intensity IV),INTENSITY,78.02,26.38,4.0,0.3452,0.8443,817.792
Limkheda (Intensity VI),INTENSITY,73.9,22.88,6.0,6.1986,7.9793,350.084
Rohtak (Intensity IV),INTENSITY,76.56,28.89,4.0,0.3452,0.8443,842.024
Berado (Intensity IX),INTENSITY,69.89,23.49,9.0,63.0011,97.7299,21.65
Satkhira (Intensity III),INTENSITY,89.08,22.71,3.0,null,null,1886.244
Mathura (Intensity IV),INTENSITY,77.63,27.56,4.0,0.3452,0.8443,839.634
Kunria,INTENSITY,69.70924,23.36838,8.0,30.8729,43.3131,40.538
Nadiad (Intensity VII),INTENSITY,72.87,22.72,7.0,11.3276,17.3064,253.952
Vishakhapatnam (Intensity III),INTENSITY,83.25,17.69,3.0,null,null,1462.114
Sukhpar (Intensity IX),INTENSITY,70.71,23.22,9.0,52.9527,91.8341,44.707
Varanasi (Intensity III),INTENSITY,82.6,25.32,3.0,null,null,1233.424
Jinna,INTENSITY,69.59366,23.40793,7.0,16.596,19.843,51.583
Rajula (Intensity VI),INTENSITY,71.45,21.05,6.0,6.276,8.0148,284.861
Bet Dwarka (Intensity VII),INTENSITY,69.08,22.45,7.0,12.8454,18.1036,150.255
Jodya,INTENSITY,70.31586,22.67816,7.0,14.8601,19.0732,81.802
Ponnuru (Intensity II),INTENSITY,80.56,16.07,2.0,null,null,1324.01
Cuddalore (Intensity II),INTENSITY,79.79,11.75,2.0,null,null,1615.741
Lakhpat (Intensity VII),INTENSITY,68.77,23.83,7.0,13.0236,18.1931,141.859
Ghantila,INTENSITY,71.00315,23.08575,8.0,26.8375,41.1939,72.736
Rapar (Intensity IX),INTENSITY,70.63,23.56,9.0,69.2615,101.1025,14.579
Kotri (Intensity V),INTENSITY,68.22,25.22,5.0,1.9311,3.7616,273.56
Sewaliya (Intensity VI),INTENSITY,73.3,22.8,6.0,6.2346,7.9958,292.852
Pondicherry (Intensity IV),INTENSITY,79.83,11.93,null,null,null,1602.36
Dakor (Intensity VI),INTENSITY,73.2,22.75,6.0,6.2772,8.0153,284.636
Sikra (Intensity X),INTENSITY,70.29,23.33,9.0,65.5429,99.1241,18.355
Kathmandu (Intensity II),INTENSITY,85.28,27.73,2.0,null,null,1543.335
Deshalpar (Intensity VIII),INTENSITY,69.45,23.21,8.0,26.9805,41.2724,71.141
Kheda (Intensity VII),INTENSITY,72.7,22.78,7.0,11.5332,17.4182,235.586
Motibaru,INTENSITY,72.46875,22.41919,7.0,11.5845,17.4459,231.259
Mangrol (Intensity VII),INTENSITY,73.1,21.5,7.0,10.8842,17.0607,342.402
Butchireddipalem (Intensity II),INTENSITY,79.88,14.53,2.0,null,null,1386.759
Himatnagar,INTENSITY,73.02429,23.55047,5.0,2.0296,3.7844,254.916
Shahajahanpur (Intensity III),INTENSITY,79.92,27.87,3.0,null,null,1054.826
Gandhinagar (Intensity VII),INTENSITY,72.38,23.14,7.0,12.0817,17.7105,194.055
Dhrangadhra (Intensity VIII),INTENSITY,71.47,22.99,8.0,24.0591,39.6128,114.772
Tadepalli (Intensity II),INTENSITY,80.6,16.48,2.0,null,null,1299.133
Mirzapur (Intensity III),INTENSITY,82.6,25.13,3.0,null,null,1231.062
Budhamor,INTENSITY,70.06528,23.2802,9.0,65.9918,99.3667,17.84
Neyveli (Intensity II),INTENSITY,79.49,11.61,2.0,null,null,1609.617
Panjim (Intensity III),INTENSITY,78.85,15.5,3.0,null,null,1234.057
Santalpur,INTENSITY,70.87161,23.78766,7.0,17.2584,20.123,43.81
Unjha (Intensity VII),INTENSITY,72.4,23.8,7.0,12.0752,17.7071,194.491
Bikaner (Intensity V),INTENSITY,73.31,28.03,5.0,1.8095,3.7319,565.666
Khedol (Intensity IX),INTENSITY,69.89,23.05,9.0,52.2187,91.3761,47.389
Jhunjhuvada,INTENSITY,71.67771,23.31909,7.0,13.5075,18.4324,121.824
Sankeshver,INTENSITY,71.80097,23.47995,6.0,7.5451,8.5612,132.083
Valsad (Intensity VI),INTENSITY,72.94,20.62,6.0,6.1986,7.9793,401.244
Jodiya (Intensity VIII),INTENSITY,70.28,22.7,8.0,26.3197,40.9075,78.898
Bidada (Intensity VIII),INTENSITY,69.48,22.88,8.0,25.6202,40.5148,88.286
Jhura (Intensity VIII),INTENSITY,69.62,23.42,8.0,29.5308,42.6292,48.8
Laliana (Intensity IX),INTENSITY,70.53,23.26,9.0,56.5339,94.0117,34.023
Mahuva (Intensity VI),INTENSITY,73.15,21.02,6.0,6.1986,7.9793,382.155
Khavda (Intensity VIII),INTENSITY,69.73,23.84,8.0,28.4024,42.0385,57.416
Jhabua (Intensity VI),INTENSITY,74.67,22.47,6.0,6.1986,7.9793,436.903
Anjar (Intensity IX),INTENSITY,70.03,23.11,9.0,55.7242,93.5273,36.134
Fatepur (Intensity VII),INTENSITY,71.62,23.4,7.0,13.702,18.5269,114.77
Bidar (Intensity III),INTENSITY,77.5,17.87,3.0,null,null,949.862
Paliyad (Intensity VII),INTENSITY,71.57,22.28,7.0,12.4278,17.8906,172.477
Balasar (Intensity IX),INTENSITY,70.65,23.83,9.0,58.3745,95.0965,29.764
Gandhidham (Intensity IX),INTENSITY,70.16,23.06,9.0,54.2323,92.6227,40.467
Bandhahi (Intensity X),INTENSITY,70.3,23.38,9.0,69.9124,101.4417,14.021
Dewas (Intensity V),INTENSITY,76.05,22.97,5.0,1.8095,3.7319,564.833
Rudramata (Intensity IX),INTENSITY,69.72,23.36,9.0,54.4883,92.779,39.679
Fatehgarh (Intensity IX),INTENSITY,70.83,23.71,9.0,55.5885,93.4456,36.503
Surajbari (Intensity IX),INTENSITY,70.75,23.12,9.0,50.2654,90.1371,55.562
Bhayati J (Intensity IX),INTENSITY,70.92,22.95,9.0,46.2413,87.4834,78.708
Samatara (Intensity VIII),INTENSITY,69.51,23.18,8.0,27.3829,41.4918,66.879
Bhujpar (Intensity VIII),INTENSITY,69.61,22.86,8.0,26.1825,40.831,80.638
Chirai (Intensity X),INTENSITY,70.27,23.22,9.0,59.2566,95.6087,27.958
Amradi (Intensity X),INTENSITY,70.24,23.33,9.0,67.2795,100.0567,16.457
Navsari (Intensity VII),INTENSITY,72.94,20.95,7.0,10.8842,17.0607,373.186
Kodinar (Intensity VII),INTENSITY,70.7,20.7,7.0,10.9132,17.0769,296.686
Adesar (Intensity IX),INTENSITY,71.02,23.55,9.0,50.742,90.4422,53.416
Mirpurkhas (Intensity VI),INTENSITY,69.01,25.52,6.0,6.4468,8.0922,254.676
Sumrasar (Intensity VIII),INTENSITY,69.71,23.44,8.0,31.0622,43.408,39.517
Pune (Intensity IV),INTENSITY,73.9,18.51,4.0,0.3452,0.8443,649.181
Mahesana (Intensity VII),INTENSITY,72.4,23.6,7.0,12.1069,17.7237,192.374
Adlaj (Intensity VII),INTENSITY,72.37,23.17,7.0,12.1057,17.7231,192.455
Bavla (Intensity VII),INTENSITY,72.35,22.85,7.0,11.9957,17.6652,199.931
Kanyabe (Intensity IX),INTENSITY,69.99,23.28,9.0,63.4819,97.9963,20.973
Bed (Intensity VIII),INTENSITY,69.9,22.44,8.0,24.4245,39.8272,107.775
Chittaurgarh (Intensity IV),INTENSITY,74.63,24.88,4.0,0.3452,0.8443,442.625
Surat (Intensity VII),INTENSITY,72.82,21.2,7.0,10.8842,17.0607,344.503
Layjamoti,INTENSITY,69.20056,22.8557,5.0,3.6149,4.0598,112.421
Jaunpur (Intensity III),INTENSITY,82.69,25.73,3.0,null,null,1248.539
Chennai (Intensity IV),INTENSITY,80.29,13.04,null,null,null,1537.672
Varsana (Intensity IX),INTENSITY,70.21,23.16,9.0,57.6287,94.6597,31.405
Matiari (Intensity VI),INTENSITY,68.44,25.6,6.0,6.2408,7.9987,291.632
Kanpur (Intensity III),INTENSITY,80.35,26.48,3.0,null,null,1039.775
Barmer (Intensity VI),INTENSITY,71.38,25.75,6.0,6.4504,8.0938,254.075
Dholka,INTENSITY,72.48519,22.70672,6.0,6.6887,8.1997,218.378
Papanasam (Intensity II),INTENSITY,79.27,10.92,2.0,null,null,1659.346
Kunjisar (Intensity X),INTENSITY,70.34,23.37,9.0,67.2583,100.0454,16.479
Padadhari (Intensity VII),INTENSITY,70.58,22.44,7.0,13.7531,18.5517,113.0
Moradabad (Intensity IV),INTENSITY,78.77,28.93,4.0,0.3452,0.8443,1014.29
Nakhtarana,INTENSITY,69.24893,23.31743,6.0,8.3198,8.8662,87.838
Quetta (Intensity II),INTENSITY,67.02,30.31,null,null,null,818.214
Talaja (Intensity VII),INTENSITY,72.05,21.35,7.0,11.0375,17.1464,282.985
Surbari (Intensity VIII),INTENSITY,70.71,23.22,8.0,30.1571,42.9508,44.707
Sanghar (Intensity VI),INTENSITY,68.94,26.05,6.0,6.1986,7.9793,311.012
Bhubaneswar (Intensity II),INTENSITY,85.52,20.15,2.0,null,null,1581.217
Motayaksh (Intensity VIII),INTENSITY,69.34,23.27,8.0,26.2478,40.8674,79.804
Jalore (Intensity V),INTENSITY,72.58,25.22,5.0,1.9127,3.7572,277.297
Ranpur (Intensity VII),INTENSITY,71.7,22.38,7.0,12.4203,17.8867,172.912
Desalpar (Intensity VII),INTENSITY,69.18,23.47,7.0,14.3846,18.8524,93.691
Dholavira (Intensity VIII),INTENSITY,70.22,23.88,8.0,31.1694,43.4616,38.953
Rajkot (Intensity VII),INTENSITY,70.79,22.29,7.0,13.168,18.2651,135.481
Gwalior (Intensity V),INTENSITY,78.18,26.22,5.0,1.8095,3.7319,826.413
Baran (Intensity V),INTENSITY,76.55,25.08,5.0,1.8095,3.7319,633.361
Bhimasar (Intensity IX),INTENSITY,70.16,23.18,9.0,59.139,95.5407,28.191
Rampur Wekra (Intensity VIII),INTENSITY,69.47,23.08,8.0,26.573,41.0481,75.806
Morgar,INTENSITY,70.15156,23.29302,9.0,67.0734,99.9468,16.67
Khari,INTENSITY,68.65746,23.42808,5.0,2.991,3.9673,147.08
Gamdau (Intensity X),INTENSITY,70.55,23.42,9.0,64.4549,98.5316,19.683
Mumbai (Intensity V),INTENSITY,72.8,18.95,5.0,1.8095,3.7319,551.894
Dhar (Intensity VI),INTENSITY,74.29,22.58,6.0,6.1986,7.9793,396.318
Una (Intensity VII),INTENSITY,71.03,20.8,7.0,10.9335,17.0883,294.396
Cuddapah (Intensity II),INTENSITY,78.98,14.47,2.0,null,null,1327.484
Adbasa (Intensity VII),INTENSITY,68.79,23.27,7.0,13.1786,18.2703,135.028
Navapur (Intensity V),INTENSITY,73.93,21.13,5.0,1.8095,3.7319,434.384
Gondal (Intensity VIII),INTENSITY,70.77,21.8,8.0,21.5156,38.059,182.961
Jambusar (Intensity VII),INTENSITY,72.81,22.05,7.0,11.0449,17.1504,282.201
Billimoria (Intensity VII),INTENSITY,72.98,22.78,7.0,11.2392,17.2579,262.393
Gidhra,INTENSITY,69.24806,22.90785,5.0,3.7886,4.0831,105.18
Karachi (Intensity V),INTENSITY,67.04,24.51,5.0,1.8095,3.7319,332.567
Chobari (Intensity X),INTENSITY,70.33,23.52,9.0,75.8097,104.4268,1.95
Mehsana,INTENSITY,72.28578,23.47854,6.0,6.9991,8.334,180.714
Rewari (Intensity IV),INTENSITY,76.59,28.22,4.0,0.3452,0.8443,796.012
Amrasar (Intensity X),INTENSITY,70.28,23.41,9.0,75.0415,104.0466,10.434
Sriharikota (Intensity IV),INTENSITY,80.3,13.45,null,null,null,1504.433
Bareilly (Intensity III),INTENSITY,79.41,28.35,3.0,null,null,1034.553
Dhandhuka (Intensity VII),INTENSITY,71.98,22.37,7.0,12.0799,17.7096,194.174
Ankleshwar (Intensity VII),INTENSITY,72.98,21.65,7.0,10.8842,17.0607,322.434
Gadhisisa (Intensity VIII),INTENSITY,70.55,23.42,8.0,36.7077,46.0832,19.683
Dahisara (Intensity VIII),INTENSITY,69.52,23.1,8.0,27.0583,41.3149,70.292
Bagodara (Intensity VII),INTENSITY,72.2,22.65,7.0,12.0629,17.7006,195.324
Adhai,INTENSITY,70.60202,23.37014,9.0,60.1076,96.0982,26.343
Khairpur (Intensity VI),INTENSITY,68.44,27.28,6.0,6.1986,7.9793,455.654
Jambuda (Intensity VII),INTENSITY,70.22,22.52,7.0,14.2815,18.8038,96.547
Dudai,INTENSITY,69.99362,23.24555,8.0,35.0218,45.3138,23.951
Kundla (Intensity VII),INTENSITY,71.3,21.36,7.0,11.395,17.3432,247.735
Allahabad (Intensity III),INTENSITY,81.85,25.46,3.0,null,null,1161.313
Dhori (Intensity VIII),INTENSITY,70.43,22.56,8.0,25.086,40.2102,96.401
